{
   "timestamp":"2016-05-26T21:44:56+0000",
   "processReport":{
		"labels": ["PID","Owner","CPU%","Memory%"],
		"cpudata":[ 1.11, 0.11, 1.01, 0.07, 0.09, 0.98, 0.01, 0.31, 0.19, 0.03, 0.05, 0.91,0.21, 0.01, 0.01, 0.90, 0.09, 0.81, 0.09],
		"memorydata":[ 0.11, 1.11, 1.01, 0.17, 0.19, 0.08, 1.01, 1.31, 0.09, 0.13, 0.15, 0.09,1.01, 1.01, 0.41, 0.20, 0.39, 0.51, 0.19]
   },
   "processReportInDetail":[{"PID":11223,"Owner":"root","cpu":"1.11%","memory":"0.11%"},
							{"PID":14223,"Owner":"root","cpu":"0.11%","memory":"0.01%"},
							{"PID":12223,"Owner":"root","cpu":"0.21%","memory":"0.12%"},
							{"PID":15223,"Owner":"root","cpu":"0.31%","memory":"0.19%"},
							{"PID":11253,"Owner":"root","cpu":"0.34%","memory":"0.41%"},
							{"PID":11233,"Owner":"root","cpu":"0.61%","memory":"0.11%"},
							{"PID":11273,"Owner":"root","cpu":"0.91%","memory":"0.05%"}]
							
   
}